Picoso	327976922055611422_607468	Picoso	0.003828141554413557	karenabad	http://distilleryimage10.s3.amazonaws.com/e4910812322c11e2904b22000a1f8c1d_7.jpg	1.353317916E9	Tea time	37.87981775	-122.268853
Maoz Vegetarian	331612420311529900_194525	Maoz Vegetarian	0.008286062446880366	4dolo	http://distilleryimage4.s3.amazonaws.com/f2a6d6da361d11e29a0922000a1f8c1a_7.jpg	1.353751302E9	C.R.E.A.M. :: Cookies Rule Everything Around Me üëä :: @jaxtap0se white chocolate macadamia w/ salted caramel ice cream : @john_squared chocolate chip w/ coffee blast ice cream : @4dolo white chocolate macadamia + chocolate chip w/ coffee blast ice cream :: that's how you end the night	37.866998121	-122.258723974
Gregoire	325430228059620709_3797752	Gregoire	0.0035521535890008643	longdali82	http://distilleryimage1.s3.amazonaws.com/0b789c262f6a11e2914322000a1f984e_7.jpg	1.353014328E9	We got Gregoire at work today :D i had smoked salmon with nori and taro chips - so interesting. Tastes like sushi, but also satisfying bc of the cream cheese and taro. And of course potato puffs teehee	37.87849778	-122.268604011
Naan N Curry	325884547669251905_3896876	Naan N Curry	0.008571558693770099	jennaaabearrr	http://distilleryimage5.s3.amazonaws.com/24d260de2fe811e28c8422000a1f931c_7.jpg	1.353068487E9	Who I found and hazed! (And who hazed me...). Why are you so tall!?	37.867581555	-122.258844617
Ochame	326963881281203720_2002442	Ochame	0.007992627487231969	sea_viola	http://distilleryimage8.s3.amazonaws.com/b8168498311311e28c4722000a9f1966_7.jpg	1.353197153E9	Chocolate swirl souffl√© pancake üòç	37.869822384	-122.30052841
Original Mels	327250607276714731_4654249	Original Mels	0.006530554915556675	weeitscourtney	http://distilleryimage7.s3.amazonaws.com/4d3166f2316311e2b8f122000a1f9345_7.jpg	1.353231334E9	Sometimes I feel like I need to slow down or else I'm going to pass by everything in a blurr.	37.868667602	-122.267829895
Burgermeister	327250607276714731_4654249	Burgermeister	0.006647504874152674	weeitscourtney	http://distilleryimage7.s3.amazonaws.com/4d3166f2316311e2b8f122000a1f9345_7.jpg	1.353231334E9	Sometimes I feel like I need to slow down or else I'm going to pass by everything in a blurr.	37.868667602	-122.267829895
Baja Fresh	327250607276714731_4654249	Baja Fresh	0.004225420700307885	weeitscourtney	http://distilleryimage7.s3.amazonaws.com/4d3166f2316311e2b8f122000a1f9345_7.jpg	1.353231334E9	Sometimes I feel like I need to slow down or else I'm going to pass by everything in a blurr.	37.868667602	-122.267829895
Afghan Oasis	327272978788281201_4654249	Afghan Oasis	0.004256236448764016	weeitscourtney	http://distilleryimage9.s3.amazonaws.com/82c86990316911e2a9de22000a1f92c9_7.jpg	1.353234001E9	Such a cute little baby ‚ò∫üòòüòò @yeenoel	37.869167327	-122.268333435
Abrams, Denny	327498295481089529_6548214	Abrams, Denny	0.006618971762916651	onodhal	http://distilleryimage5.s3.amazonaws.com/0c8034cc31a811e2904b22000a1f8c1d_7.jpg	1.35326086E9	#nbd	37.86989212	-122.300636291
Ochame	327498295481089529_6548214	Ochame	0.0044528601774328465	onodhal	http://distilleryimage5.s3.amazonaws.com/0c8034cc31a811e2904b22000a1f8c1d_7.jpg	1.35326086E9	#nbd	37.86989212	-122.300636291
Green Papaya Thai Vegetarian Cuisine	327878707435954137_2742198	Green Papaya Thai Vegetarian Cuisine	0.005009130350360807	beny_boy	http://distilleryimage9.s3.amazonaws.com/a2604dba321111e294471231380f602c_7.jpg	1.353306209E9	This drink right here *in my Katt Williams voice* #epic #margarita @curvyincali would concur! #foodie #instadrink #mexican #berkeley #ig #igcrazy #igaddict #iger  #igerssf #igerseastbay #photitos  #instahub #all_shots #iphonesia  #jj #jj_forum #instagramhub #prestigeclass  #photooftheday #ig  #igerholic	37.871694446	-122.2684443
Maoz Vegetarian	328621044828881935_6648984	Maoz Vegetarian	0.008286062446880366	taysaputo	http://distilleryimage7.s3.amazonaws.com/aca2c5cc32df11e2aeda22000a1f973b_7.jpg	1.353394702E9	So bad, but so good. #cream	37.866998121	-122.258723974
Mel's Pizza	328986680269206533_7294604	Mel's Pizza	0.008994336670364339	copycatchic	http://distilleryimage5.s3.amazonaws.com/28995fa0334511e282e022000a1fbc68_7.jpg	1.35343829E9	Rainy day #play	37.868621	-122.268074
Fin's Restaurant	328986680269206533_7294604	Fin's Restaurant	0.00706550812897538	copycatchic	http://distilleryimage5.s3.amazonaws.com/28995fa0334511e282e022000a1fbc68_7.jpg	1.35343829E9	Rainy day #play	37.868621	-122.268074
Cesar	329764582972715126_9946531	Cesar	0.005377060186204092	tonozaki	http://distilleryimage2.s3.amazonaws.com/11e87fe2341d11e282a722000a1f9d5f_7.jpg	1.353531023E9	Wild mushroom (crimini, white button, chanterelle, shiitake, oyster), French goat cheese, mozzarella, French herbs and garlic olive oil	37.879938182	-122.269329403
Chez Panisse	329764582972715126_9946531	Chez Panisse	0.008171607817095894	tonozaki	http://distilleryimage2.s3.amazonaws.com/11e87fe2341d11e282a722000a1f9d5f_7.jpg	1.353531023E9	Wild mushroom (crimini, white button, chanterelle, shiitake, oyster), French goat cheese, mozzarella, French herbs and garlic olive oil	37.879938182	-122.269329403
Cheese Board Pizza	329764582972715126_9946531	Cheese Board Pizza	0.006860348081333064	tonozaki	http://distilleryimage2.s3.amazonaws.com/11e87fe2341d11e282a722000a1f9d5f_7.jpg	1.353531023E9	Wild mushroom (crimini, white button, chanterelle, shiitake, oyster), French goat cheese, mozzarella, French herbs and garlic olive oil	37.879938182	-122.269329403
Triple Rock Brewery and Alehouse	330048532109998014_4805908	Triple Rock Brewery and Alehouse	0.007319259046828098	raindancer1	http://distilleryimage6.s3.amazonaws.com/e1b4ab44346b11e29a1922000a9d0dee_7.jpg	1.353564872E9	Girls night! :) #sexybitches #mymaingirls	37.873483	-122.26863148
The Albatross Pub	330078105551487435_3425495	The Albatross Pub	0.009012355392940125	albamayo	http://distilleryimage3.s3.amazonaws.com/17078110347411e281d822000a1f9682_7.jpg	1.353568398E9	üçª @acrush	37.870800018	-122.292877197
Boat Noodle House	331404632532802828_6925598	Boat Noodle House	0.00610545427207213	cerrrr	http://distilleryimage4.s3.amazonaws.com/466f67da35e411e2af7822000a1fb04e_7.jpg	1.353726532E9	Cal vs. Stanford game with @paulyy_deee ‚ò∫	37.871498107	-122.268501281
Missouri Lounge-Cafe	331557249398335621_7936529	Missouri Lounge-Cafe	0.006982747698967121	newagey	http://distilleryimage1.s3.amazonaws.com/a2860590360e11e2a94522000a1fbc56_7.jpg	1.353744725E9	None	37.859344482	-122.289138793
Maoz Vegetarian	331849850421944407_6152727	Maoz Vegetarian	0.008286062446880366	alecdeltaco	http://distilleryimage7.s3.amazonaws.com/d9130b3e365f11e2b74c22000a9f1427_7.jpg	1.353779606E9	Snicker doodle x mint chocolate chip collab courtesy of CREAM. Dolla dolla bills ya'll üç¶üí∞	37.866998121	-122.258723974
Maoz Vegetarian	332932440750872004_4157612	Maoz Vegetarian	0.008286062446880366	dope415	http://distilleryimage0.s3.amazonaws.com/53bdbf96378c11e2990322000a9f192c_7.jpg	1.353908661E9	My mouth is happy	37.866998121	-122.258723974
Manpuku	334129835960238911_1089415	Manpuku	0.0	prisczy	http://distilleryimage11.s3.amazonaws.com/abca47f238d811e2ad6922000a1fa410_7.jpg	1.354051402E9	Chahan	37.85664	-122.25296288
La Cascada Taqueria	334129835960238911_1089415	La Cascada Taqueria	0.0050342569232512185	prisczy	http://distilleryimage11.s3.amazonaws.com/abca47f238d811e2ad6922000a1fa410_7.jpg	1.354051402E9	Chahan	37.85664	-122.25296288
Mediterranean Cafe	334282974023891133_1462541	Mediterranean Cafe	0.006585526886217464	angelcee_	http://distilleryimage9.s3.amazonaws.com/2ce63038390311e2a58122000a9d0ed5_7.jpg	1.354069657E9	Got my anti-tragus piercing, loooove it üòô‚ú®üíï	37.86567541	-122.258433
Soop	334362893129205005_1590624	Soop	0.008910778986546452	benvenadi	http://distilleryimage5.s3.amazonaws.com/5b7e66de391911e29c2822000a1fbe4c_7.jpg	1.354079184E9	Homemade	37.879833	-122.269029021
Imperial Tea Court	334362893129205005_1590624	Imperial Tea Court	0.008171056333524008	benvenadi	http://distilleryimage5.s3.amazonaws.com/5b7e66de391911e29c2822000a1fbe4c_7.jpg	1.354079184E9	Homemade	37.879833	-122.269029021
Imperial Tea Court	334366842250970406_1590624	Imperial Tea Court	0.008171056333524008	benvenadi	http://distilleryimage6.s3.amazonaws.com/741a35dc391a11e2b74e22000a9e07d7_7.jpg	1.354079655E9	Modern art	37.879833	-122.269029021
Soop	334366842250970406_1590624	Soop	0.008910778986546452	benvenadi	http://distilleryimage6.s3.amazonaws.com/741a35dc391a11e2b74e22000a9e07d7_7.jpg	1.354079655E9	Modern art	37.879833	-122.269029021
La Note	334836180516825113_1112521	La Note	0.009617090944174764	tedduardo	http://distilleryimage5.s3.amazonaws.com/b8969188399c11e2a56722000a1f9d88_7.jpg	1.354135604E9	That's #breakfast	37.86623764	-122.267433166
Cheese Board Pizza	335083847816919108_5701613	Cheese Board Pizza	0.006860348081333064	parisdunk	http://distilleryimage0.s3.amazonaws.com/7668e19039e111e2957722000a1f9a39_7.jpg	1.354165129E9	Pizza, ice cream, Christmas lights.  My night with @vronnielao is complete.	37.879938182	-122.269329403
Chez Panisse	335083847816919108_5701613	Chez Panisse	0.008171607817095894	parisdunk	http://distilleryimage0.s3.amazonaws.com/7668e19039e111e2957722000a1f9a39_7.jpg	1.354165129E9	Pizza, ice cream, Christmas lights.  My night with @vronnielao is complete.	37.879938182	-122.269329403
Cesar	335083847816919108_5701613	Cesar	0.005377060186204092	parisdunk	http://distilleryimage0.s3.amazonaws.com/7668e19039e111e2957722000a1f9a39_7.jpg	1.354165129E9	Pizza, ice cream, Christmas lights.  My night with @vronnielao is complete.	37.879938182	-122.269329403
Espresso Roma	335868152584721639_9392932	Espresso Roma	0.009961875256077614	xoch93	http://distilleryimage11.s3.amazonaws.com/269ceb7c3abb11e283e822000a1f8e5b_7.jpg	1.354258625E9	Haha I drew #walle on the window x)). I'mma get in trouble	37.856998443	-122.253166198
Caffe Trieste	336186828033088034_7391269	Caffe Trieste	0.0017141014324611637	mostsmartist	http://distilleryimage2.s3.amazonaws.com/99de916e3b1311e28ac522000a9f141e_7.jpg	1.354296614E9	San Pablo Rain	37.860983	-122.289723
Caffe Venezia	337220930306793829_1784311	Caffe Venezia	0.006713610556941275	kouros	http://distilleryimage1.s3.amazonaws.com/9f40bc663c3211e2912322000a1f933e_7.jpg	1.354419889E9	None	37.871419419	-122.27546582
Elmwood Cafe	338009538134086930_8227884	Elmwood Cafe	0.006388235632936748	evamsteiner	http://distilleryimage10.s3.amazonaws.com/813511be3d0d11e28b3522000a1f9867_7.jpg	1.354513898E9	None	37.858406066	-122.253814697
Peet's Coffee and Tea	325055602671825634_31610075	Peet's Coffee and Tea	0.004237135814838747	richardtrann	http://distilleryimage10.s3.amazonaws.com/10bcd5202f0211e2917422000a1fb30b_7.jpg	1.352969669E9	I love Berkeley	37.8685423	-122.2677334
Blondies Pizza	325442024128161720_13487344	Blondies Pizza	0.006881335810919774	c_murda_	http://distilleryimage0.s3.amazonaws.com/51a202f22f6d11e2ada322000a1fbcdb_7.jpg	1.353015734E9	On the streets of Berkeley w/ Victoria & @msrafaela  #hippies #herb #cookiegetshigh	37.867797851	-122.259033203
Ryowa	325455370597033528_32057936	Ryowa	0.003338970389127306	getluccce	http://distilleryimage4.s3.amazonaws.com/05f4974e2f7111e2b97522000a1f97e9_7.jpg	1.353017325E9	thanks for lunch, denton (:<3	37.872015125	-122.269152173
Mr Pizza Man	325455370597033528_32057936	Mr Pizza Man	0.008569455501812597	getluccce	http://distilleryimage4.s3.amazonaws.com/05f4974e2f7111e2b97522000a1f97e9_7.jpg	1.353017325E9	thanks for lunch, denton (:<3	37.872015125	-122.269152173
Jupiter	325503365414396533_11458591	Jupiter	0.002346650016243412	erfyyyy	http://distilleryimage1.s3.amazonaws.com/5830348e2f7e11e2b8f122000a1f9345_7.jpg	1.353023046E9	Honestly, it's basic geometry. #BeAman #ActLikeALadyThinkLikeAManPffffft #eEqualsMcSquared #Learn #PayAttention #NoTalkingDuringClass #ZippIt #OprahsOrginalTheory #MittObviouslyDidntFollowTheseRules #YourMomsHoe #Man #YouGonLearnToday	37.869831085	-122.267929077
Twisters	325503365414396533_11458591	Twisters	0.00527382456367995	erfyyyy	http://distilleryimage1.s3.amazonaws.com/5830348e2f7e11e2b8f122000a1f9345_7.jpg	1.353023046E9	Honestly, it's basic geometry. #BeAman #ActLikeALadyThinkLikeAManPffffft #eEqualsMcSquared #Learn #PayAttention #NoTalkingDuringClass #ZippIt #OprahsOrginalTheory #MittObviouslyDidntFollowTheseRules #YourMomsHoe #Man #YouGonLearnToday	37.869831085	-122.267929077
Revival Bar and Kitchen	325606713114429308_13732752	Revival Bar and Kitchen	0.006270043421631158	schmookums	http://distilleryimage8.s3.amazonaws.com/077bf0882f9b11e2b13b22000a9f18e8_7.jpg	1.353035366E9	This OG next to me is big pimpin with a glass of wine and a beer!	37.871101958	-122.268338017
Pasand Lounge	325684340006702020_11320113	Pasand Lounge	0.005928707457750682	mehma	http://distilleryimage4.s3.amazonaws.com/9334b56e2fb011e2ae5f123138100d19_7.jpg	1.35304462E9	Breaking Dawn premiere with the roomie! üé•üëè #twilight #dontjudgeme	37.867955409	-122.267966938
Maoz Vegetarian	325684966822225335_13182024	Maoz Vegetarian	0.008286062446880366	madddogggg	http://distilleryimage3.s3.amazonaws.com/bfbfc77c2fb011e2bb0f22000a1fbc94_7.jpg	1.353044695E9	We're happy little boyz @qcandiceq	37.866998121	-122.258723974
Thai Garlic	325725995016501825_10921133	Thai Garlic	0.004963945137379243	nabilahaynes	http://distilleryimage9.s3.amazonaws.com/22f7bc4a2fbc11e2a1b122000a1f9702_7.jpg	1.353049586E9	#pratomo #pratama #crew @jazzpratama	37.872001647	-122.269836425
Evergreen Deli	325962372015731136_18547315	Evergreen Deli	0.004956677278229024	boss_tee_f_sosa	http://distilleryimage0.s3.amazonaws.com/be92d9962ffd11e2bf8022000a1fbe54_7.jpg	1.353077764E9	On my way! To üíµüè¢job slapping @e40	37.872829437	-122.268478393
Akasaka	326181217000760504_39833848	Akasaka	0.006621013920139999	emilymonforte	http://distilleryimage8.s3.amazonaws.com/7c71c026303a11e2bd9022000a1fa522_7.jpg	1.353103852E9	üê†üê†	37.861667633	-122.259162902
E-Z Stop Deli	326284670774484631_55947758	E-Z Stop Deli	0.009878746506580185	jenn_lauu	http://distilleryimage7.s3.amazonaws.com/334602c8305711e2b95b22000a1fab39_7.jpg	1.353116185E9	Happy hour at Starbucks. @swordyfish :)	37.868738198	-122.267900475
Taco Bell	326387180337747423_24504468	Taco Bell	0.008342430868565245	natalielam77	http://distilleryimage3.s3.amazonaws.com/a70542d4307311e2914322000a1f984e_7.jpg	1.353128405E9	Oh yup. #noms	37.868957519	-122.268013
Papa Johns Pizza	326387180337747423_24504468	Papa Johns Pizza	0.008342430868565245	natalielam77	http://distilleryimage3.s3.amazonaws.com/a70542d4307311e2914322000a1f984e_7.jpg	1.353128405E9	Oh yup. #noms	37.868957519	-122.268013
Starbucks Coffee	326387180337747423_24504468	Starbucks Coffee	0.009043303478168282	natalielam77	http://distilleryimage3.s3.amazonaws.com/a70542d4307311e2914322000a1f984e_7.jpg	1.353128405E9	Oh yup. #noms	37.868957519	-122.268013
Cheese Steak Shop	326711589078473121_13765421	Cheese Steak Shop	0.005889050106595631	hillienc	http://distilleryimage9.s3.amazonaws.com/b1a46a1c30cd11e2a1bd22000a9f1361_7.jpg	1.353167078E9	Where does it hurt Lu?	37.86877735	-122.293101
Fat Slice Pizza	326888913761136910_29644027	Fat Slice Pizza	0.004306757344706369	cheeeettahhead	http://distilleryimage10.s3.amazonaws.com/e954406e30fe11e2a77722000a1fbc49_7.jpg	1.353188216E9	Food!	37.867332458	-122.258834838
Naan N Curry	327239108693719816_38719989	Naan N Curry	0.008571558693770099	allysemw	http://distilleryimage4.s3.amazonaws.com/1c2bd73e316011e2918122000a9f0a12_7.jpg	1.353229963E9	#drunk bffs	37.867581555	-122.258844617
Joshu-ya	327262973951948333_11675716	Joshu-ya	0.0	afessend	http://distilleryimage5.s3.amazonaws.com/bbe5e0ca316611e283931231381b70f8_7.jpg	1.353232808E9	Sushi with the puppy! #bestfriends #embarrassing #datenight	37.865154	-122.25895984
Akasaka	327605683807331431_39833848	Akasaka	0.006621013920139999	emilymonforte	http://distilleryimage7.s3.amazonaws.com/dae5058c31c511e28b0122000a1f8e95_7.jpg	1.353273662E9	U ok?	37.861667633	-122.259162902
Maoz Vegetarian	327614183351468123_11585719	Maoz Vegetarian	0.004589412286922242	djekspoe	http://distilleryimage11.s3.amazonaws.com/36d3df8831c811e29bea22000a1f90d2_7.jpg	1.353274675E9	Popped the cherry.. #cream is the truth	37.867000579	-122.258834838
Barney's Gourmet Hamburgers	327784315781617612_23851764	Barney's Gourmet Hamburgers	0.00592566631497159	kylafox	http://distilleryimage4.s3.amazonaws.com/6f761a1631f711e2ae9022000a1f9a21_7.jpg	1.353294957E9	Eat yo greens or no dessert fo you! @los_dangeles	37.878264	-122.269153
Thai Noodle 2	328376389017343121_30360068	Thai Noodle 2	9.493529796600342E-5	royallytenenbaum	http://distilleryimage5.s3.amazonaws.com/c4cc699e329b11e29c6622000a1f9e4a_7.jpg	1.353365537E9	November 19: On Your Plate. Black pepper Thai stir fry.	37.866409326	-122.258815
Greg's Chicago Style Pizza	328962147169087937_16956035	Greg's Chicago Style Pizza	0.009101418843336378	jessicaallen9	http://distilleryimage5.s3.amazonaws.com/596b4492333e11e287a122000a9f13ec_7.jpg	1.353435365E9	Nutella and strawberries crepe #breakfastofchamps	37.868106842	-122.258949279
Viceroy Restaurant	329019179690708234_53184178	Viceroy Restaurant	0.004953039349461328	soyalison	http://distilleryimage2.s3.amazonaws.com/2dd14ed4334e11e2a2ab22000a1fb84b_7.jpg	1.353442164E9	Berkeley!! üêªüêª	37.871894836	-122.268333435
Brazil Cafe	329021423743615517_27308791	Brazil Cafe	0.0	rachellilyy	http://distilleryimage5.s3.amazonaws.com/cd45529e334e11e2bbd822000a9f15da_7.jpg	1.353442431E9	It's been too long üòäüç¥	37.8724907	-122.26826
Tacubaya	329146802156644637_16970041	Tacubaya	0.00819803540092489	hapaliciousss	http://distilleryimage5.s3.amazonaws.com/99f1aec4337111e2839c123138190d76_7.jpg	1.353457378E9	He's my boyfrweeeeeend. #4thstreet #berkeley #emeryville #shopping #instagood #fashion	37.869237477	-122.300533947
Cafe Durant	329182895907264102_39568060	Cafe Durant	0.0	amyvyphan	http://distilleryimage6.s3.amazonaws.com/9e8d3cfa337b11e2a5d322000a1f90e5_7.jpg	1.35346168E9	None	37.868052	-122.258291
Shogun of Berkeley	329789011139559513_31234927	Shogun of Berkeley	0.0047996342365361315	jenunza	http://distilleryimage9.s3.amazonaws.com/d9a165c0342311e2a443123138191f3c_7.jpg	1.353533935E9	#shotsiegorman #sacredrosetattoo	37.8710386	-122.2768934
Sam's Cafe Kabob	329791954860345915_12428809	Sam's Cafe Kabob	0.009067190740060871	bhaberl	http://distilleryimage3.s3.amazonaws.com/aacc7ad6342411e2b0c912313d31f28c_7.jpg	1.353534286E9	drinking and playing cards against humanity at work #happythanksgiving	37.870815277	-122.270606994
Pho K and K	329988139083161215_29677358	Pho K and K	0.008505588139027112	kakesflores	http://distilleryimage7.s3.amazonaws.com/1e85c622345b11e2ad5812313804ecd1_7.jpg	1.353557673E9	My hoes for life üë≠üë≠ @irahrubies @leezuhl @toriirene @ramonainparadise	37.864498138	-122.258331298
Original Mels	330015272959244203_22808100	Original Mels	0.0021291767264242415	itsguuud_	http://distilleryimage7.s3.amazonaws.com/a6817204346211e29a1922000a9d0dee_7.jpg	1.353560907E9	3/4 of the #ragefamily üíõ	37.868629455	-122.267913818
Fin's Restaurant	330015272959244203_22808100	Fin's Restaurant	0.008575763530272097	itsguuud_	http://distilleryimage7.s3.amazonaws.com/a6817204346211e29a1922000a9d0dee_7.jpg	1.353560907E9	3/4 of the #ragefamily üíõ	37.868629455	-122.267913818
Burgermeister	330015272959244203_22808100	Burgermeister	0.002110042448660122	itsguuud_	http://distilleryimage7.s3.amazonaws.com/a6817204346211e29a1922000a9d0dee_7.jpg	1.353560907E9	3/4 of the #ragefamily üíõ	37.868629455	-122.267913818
Baja Fresh	330015272959244203_22808100	Baja Fresh	0.007971739073129517	itsguuud_	http://distilleryimage7.s3.amazonaws.com/a6817204346211e29a1922000a9d0dee_7.jpg	1.353560907E9	3/4 of the #ragefamily üíõ	37.868629455	-122.267913818
Mel's Pizza	330015272959244203_22808100	Mel's Pizza	0.005285773687897784	itsguuud_	http://distilleryimage7.s3.amazonaws.com/a6817204346211e29a1922000a9d0dee_7.jpg	1.353560907E9	3/4 of the #ragefamily üíõ	37.868629455	-122.267913818
Maoz Vegetarian	330076273765928606_20876682	Maoz Vegetarian	0.008286062446880366	seiko_siri	http://distilleryimage2.s3.amazonaws.com/94dfa4ec347311e2b41b22000a1f9a15_7.jpg	1.353568179E9	Got to see my people man. I  love it üòòüòÅüòö @theysayimswaggin and Niko lol Rachel made me happy man this hooper might consider Fullerton next year üèÄ lmao (insider) "Bitch don't kill my vibe" aha #BerkeleySwag #FunNights #LiveLaughLove #DiamondLife #PeopleIMissed	37.866998121	-122.258723974
Starbucks	330334975694633811_13747717	Starbucks	0.005420464667134703	philaggie	http://distilleryimage3.s3.amazonaws.com/62c0271e34bb11e29fe522000a1f97ce_7.jpg	1.353599019E9	Thankful for hot chocolate and fake antlers	37.878027085	-122.26916325
Guerilla Cafe	330334975694633811_13747717	Guerilla Cafe	0.008244079823849901	philaggie	http://distilleryimage3.s3.amazonaws.com/62c0271e34bb11e29fe522000a1f97ce_7.jpg	1.353599019E9	Thankful for hot chocolate and fake antlers	37.878027085	-122.26916325
T-Toust	330788278808059338_24828558	T-Toust	0.005227479234323145	mrfruitsandchocolate	http://distilleryimage6.s3.amazonaws.com/33de81a6353911e28a6522000a9f17d4_7.jpg	1.353653057E9	After party @ Kips.  @don_cristosambrano @monicaw0ng @stanleyng39 @dianafy #canttagtherest #stephanieglensherrytraviswilljohn #happythanksgiving	37.867942491	-122.259721756
Beckett's	330857285192075132_30383664	Beckett's	0.00828715007075417	lindseycalifornia	http://distilleryimage8.s3.amazonaws.com/5b11b4a6354c11e2b93522000a1f96b2_7.jpg	1.353661283E9	It ain't trickin if you got it...	37.868083953	-122.267753601
Naan N Curry	331578940669812304_39617038	Naan N Curry	0.008571558693770099	real_jessegrimes	http://distilleryimage4.s3.amazonaws.com/a7c72312361411e2979f22000a1f8ae3_7.jpg	1.353747311E9	Here at #pappys just met the inventor of the Black superman with @liznasty415 @misscassiemarie @nunutalbott @nicolefrancesca44	37.867581555	-122.258844617
Tully's Coffee	331973243874873116_46276570	Tully's Coffee	0.004417297689965096	evagabrielita	http://distilleryimage8.s3.amazonaws.com/18b5011c368211e2b19422000a1f9bc9_7.jpg	1.353794316E9	I ‚ù§exploring new towns, find small coffee shops and work üòç	37.870334625	-122.267997741
Little Mandarin	331973243874873116_46276570	Little Mandarin	0.0068274255951314075	evagabrielita	http://distilleryimage8.s3.amazonaws.com/18b5011c368211e2b19422000a1f9bc9_7.jpg	1.353794316E9	I ‚ù§exploring new towns, find small coffee shops and work üòç	37.870334625	-122.267997741
Barney's Gourmet Hamburgers	331979238355971306_25715202	Barney's Gourmet Hamburgers	0.00592566631497159	sysko923	http://distilleryimage6.s3.amazonaws.com/c2a2f890368311e2914322000a1f984e_7.jpg	1.35379503E9	None	37.878264	-122.269153
Blondies Pizza	332051766171468839_12588136	Blondies Pizza	0.00927843809919543	daver1	http://distilleryimage11.s3.amazonaws.com/e40b4e1a369711e29b6422000a1c00c6_7.jpg	1.353803676E9	#barrymcgeeexhibit	37.86806488	-122.259025573
Crepes A Go Go	332051766171468839_12588136	Crepes A Go Go	0.007268597575116089	daver1	http://distilleryimage11.s3.amazonaws.com/e40b4e1a369711e29b6422000a1c00c6_7.jpg	1.353803676E9	#barrymcgeeexhibit	37.86806488	-122.259025573
Greg's Chicago Style Pizza	332051766171468839_12588136	Greg's Chicago Style Pizza	0.008125707311984066	daver1	http://distilleryimage11.s3.amazonaws.com/e40b4e1a369711e29b6422000a1c00c6_7.jpg	1.353803676E9	#barrymcgeeexhibit	37.86806488	-122.259025573
E-Z Stop Deli	332722383019515321_28508270	E-Z Stop Deli	0.003735194281190215	amandashearon	http://distilleryimage9.s3.amazonaws.com/063a79d8375211e2a58222000a1faf0b_7.jpg	1.35388362E9	Photos of the mars mom pumpkin car.  @madelineberger	37.868804931	-122.267929077
Pasand Lounge	332726218290323329_14462518	Pasand Lounge	0.007597196849004708	varadag	http://distilleryimage1.s3.amazonaws.com/16c16c20375311e29d6522000a9f134c_7.jpg	1.353884077E9	#mango #sticky #rice #love	37.867996215	-122.267913818
Freight and Salvage Coffee House	332740972744455513_20367476	Freight and Salvage Coffee House	0.007526878508926483	bobbinoodle	http://distilleryimage9.s3.amazonaws.com/2f1f61e2375711e28a2c22000a9f15d9_7.jpg	1.353885836E9	Meow.	37.87100716	-122.269678324
Party Sushi	333238556643344309_14333118	Party Sushi	0.009590814690303115	pixelbender	http://distilleryimage5.s3.amazonaws.com/4a9609b437e111e29a0d22000a9f1320_7.jpg	1.353945153E9	Good Morning Gorilla #instagood #signs #art #urban #berkeley	37.875240325	-122.268905639
Guerilla Cafe	333270022469178426_11916012	Guerilla Cafe	0.008244079823849901	isabelpualani	http://distilleryimage6.s3.amazonaws.com/065d922237ea11e29c2d22000a1fb70e_7.jpg	1.353948904E9	‚úåTwo For The Road.‚úå	37.878027085	-122.26916325
Starbucks	333270022469178426_11916012	Starbucks	0.005420464667134703	isabelpualani	http://distilleryimage6.s3.amazonaws.com/065d922237ea11e29c2d22000a1fb70e_7.jpg	1.353948904E9	‚úåTwo For The Road.‚úå	37.878027085	-122.26916325
Maoz Vegetarian	333522513348211520_30793531	Maoz Vegetarian	0.008286062446880366	glamourjewel_	http://distilleryimage8.s3.amazonaws.com/1aec87e8383011e2822f22000a9f09ca_7.jpg	1.353979003E9	Cream flow! #icecream	37.866998121	-122.258723974
Joshu-ya	333524511019053214_54197891	Joshu-ya	0.0	k8duhgr8	http://distilleryimage10.s3.amazonaws.com/a8ddc9ea383011e2b3e122000a1f9a4f_7.jpg	1.353979241E9	Sushi night again with lovelies ‚ô• #joysofjrb #food	37.865154	-122.25895984
Yogurt Harmony	333568229978107807_15148290	Yogurt Harmony	0.007653928416134887	uhen	http://distilleryimage7.s3.amazonaws.com/cb47f986383c11e2952122000a1fbf2e_7.jpg	1.353984453E9	So glad I got to see my pops	37.868305169	-122.267789705
Angeline's Louisiana Kitchen	333568229978107807_15148290	Angeline's Louisiana Kitchen	0.008163883657011789	uhen	http://distilleryimage7.s3.amazonaws.com/cb47f986383c11e2952122000a1fbf2e_7.jpg	1.353984453E9	So glad I got to see my pops	37.868305169	-122.267789705
Maoz Vegetarian	333588322398669805_31069769	Maoz Vegetarian	0.008286062446880366	heymarvs	http://distilleryimage1.s3.amazonaws.com/5ef00cc8384211e2abce22000a1f96d4_7.jpg	1.353986848E9	Yummy!	37.866998121	-122.258723974
Coffee Source	334107940937006236_31113070	Coffee Source	0.0048528562022919835	andreamor_	http://distilleryimage4.s3.amazonaws.com/980e19e238d211e28eb922000a1fbc88_7.jpg	1.354048791E9	Chilling on Telegraph like the old daysüëüüëü	37.866663565	-122.258970737
Peet's Coffee and Tea	334115815652149007_13659688	Peet's Coffee and Tea	0.009305596454037513	snoopcass	http://distilleryimage11.s3.amazonaws.com/c7964eb238d411e29e1622000a9d0ec7_7.jpg	1.35404973E9	Love these socks o' mine :)	37.865045817	-122.25849566
Manpuku	334129618200318700_11164371	Manpuku	0.0	shashin_maker	http://distilleryimage4.s3.amazonaws.com/9c5206de38d811e2867a22000a9f1266_7.jpg	1.354051376E9	Curry ramen	37.85664	-122.25296288
La Cascada Taqueria	334129618200318700_11164371	La Cascada Taqueria	0.0050342569232512185	shashin_maker	http://distilleryimage4.s3.amazonaws.com/9c5206de38d811e2867a22000a9f1266_7.jpg	1.354051376E9	Curry ramen	37.85664	-122.25296288
Trattoria Corso	334269456888229915_30846403	Trattoria Corso	0.0010442882776260387	19becka	http://distilleryimage7.s3.amazonaws.com/6c74326c38ff11e2bd9a22000a9f14ba_7.jpg	1.354068046E9	I (mostly) enjoy being a girl... #nailpolish	37.874940992	-122.268747865
Papa Johns Pizza	334405125779597936_32512665	Papa Johns Pizza	0.007432287971584233	drianbavis	http://distilleryimage8.s3.amazonaws.com/144dc596392511e280ba22000a9f1893_7.jpg	1.354084219E9	Holiday lights in Berkeley.	37.868999481	-122.267997741
Taco Bell	334405125779597936_32512665	Taco Bell	0.007432287971584233	drianbavis	http://distilleryimage8.s3.amazonaws.com/144dc596392511e280ba22000a9f1893_7.jpg	1.354084219E9	Holiday lights in Berkeley.	37.868999481	-122.267997741
Maoz Vegetarian	334413959363453514_13309759	Maoz Vegetarian	0.004589412286922242	allie__yamaguchi	http://distilleryimage6.s3.amazonaws.com/87f8f27a392711e2984f22000a1fb895_7.jpg	1.354085272E9	But shit I'm with the homies @bobmcwetterson @foooly @handsomejackson	37.867000579	-122.258834838
Lagosia	334951080499441720_28544955	Lagosia	0.00988968844809925	alana_tattoos	http://distilleryimage4.s3.amazonaws.com/9cb29a7839bc11e299e022000a1fb043_7.jpg	1.354149302E9	Painting stuff	37.87102522	-122.276897
Shogun of Berkeley	334951080499441720_28544955	Shogun of Berkeley	0.0033023294911125704	alana_tattoos	http://distilleryimage4.s3.amazonaws.com/9cb29a7839bc11e299e022000a1fb043_7.jpg	1.354149302E9	Painting stuff	37.87102522	-122.276897
Freight and Salvage Coffee House	335002201210926622_20367476	Freight and Salvage Coffee House	0.007526878508926483	bobbinoodle	http://distilleryimage10.s3.amazonaws.com/cd1110ec39ca11e2ba2422000a1f9376_7.jpg	1.354155396E9	Ben's hair. Show 3.	37.87100716	-122.269678324
Kabab and Karahi	335037012334078315_22004601	Kabab and Karahi	0.0037218995821270144	readytwowear	http://distilleryimage7.s3.amazonaws.com/768ccea039d411e2bd9a22000a9f14ba_7.jpg	1.354159545E9	#taiyaki	37.863834381	-122.258651733
Freight and Salvage Coffee House	335049783240995936_20367476	Freight and Salvage Coffee House	0.007526878508926483	bobbinoodle	http://distilleryimage8.s3.amazonaws.com/01f9eee839d811e2a95722000a9f09e9_7.jpg	1.354161068E9	None	37.87100716	-122.269678324
Subway Guitars	335619321942104218_46311909	Subway Guitars	0.00808121911941754	anoseworthy	http://distilleryimage10.s3.amazonaws.com/1621fd863a7611e28bf022000a9f139a_7.jpg	1.354228962E9	None	37.877471923	-122.275863647
Twisters	335808311357757002_55921684	Twisters	0.008656829113545497	juliosalgado83	http://distilleryimage2.s3.amazonaws.com/8aa2b2ac3aaa11e2a1fa22000a1f9261_7.jpg	1.354251491E9	Undocu-sailing just like the original illegals! Con la @thesoniag y la Kemi! #OldFacingRacePic #Meow	37.8699532	-122.2678938
A G Ferrari Foods	335808603716168423_11210361	A G Ferrari Foods	0.005685031304084569	marianairam	http://distilleryimage11.s3.amazonaws.com/9f69d6163aaa11e2901022000a9e13ab_7.jpg	1.354251526E9	In the children's books section, desperately wanting to have a baby; but knowing we're not ready yet.	37.858254	-122.253171
Everett and Jones Barbeque	335968272002506224_23195182	Everett and Jones Barbeque	0.006942620352420049	fullyloadedd	http://distilleryimage0.s3.amazonaws.com/f0876faa3ad611e29e0522000a1fa50c_7.jpg	1.35427056E9	Are you still down for me?	37.869777679	-122.292289733
Flavor of India	336171246321735027_23028396	Flavor of India	0.009239014232363193	lafarinebakery	http://distilleryimage3.s3.amazonaws.com/46b805fa3b0f11e29a0922000a1f8c1a_7.jpg	1.354294757E9	Raindrops keep falling on my head, so I think I'll stay inside & eat one of these instead!	37.851097106	-122.252532958
A'cuppa Tea	336171246321735027_23028396	A'cuppa Tea	0.008499758218441265	lafarinebakery	http://distilleryimage3.s3.amazonaws.com/46b805fa3b0f11e29a0922000a1f8c1a_7.jpg	1.354294757E9	Raindrops keep falling on my head, so I think I'll stay inside & eat one of these instead!	37.851097106	-122.252532958
Blondies Pizza	336326027764375615_31441863	Blondies Pizza	0.005791831281831959	kreativsoul27	http://distilleryimage7.s3.amazonaws.com/3c961a6e3b3a11e2a33422000a1cbd24_7.jpg	1.354313208E9	..view from the top...looking down on you bitches...#workflow #telegraphstreet #telegraph #downtownberkeley #berkeley #CAL #ucberkeley #tshirtorgy #bearbasics #bored #boredasfuck #girlsfloor #hellfloor #stree #view	37.867789	-122.25901302
Oriental Food to Go	337048629177793815_13192862	Oriental Food to Go	0.006807595679317229	stevewalker21	http://distilleryimage3.s3.amazonaws.com/cc82fd863c0211e290cd22000a1f90d7_7.jpg	1.354399349E9	31 DAYS OF LOVE!!!	37.875022888	-122.268783569
Misto Italian Bistro	337048629177793815_13192862	Misto Italian Bistro	0.0035087551856257102	stevewalker21	http://distilleryimage3.s3.amazonaws.com/cc82fd863c0211e290cd22000a1f90d7_7.jpg	1.354399349E9	31 DAYS OF LOVE!!!	37.875022888	-122.268783569
Shogun of Berkeley	337179633265566211_13309759	Shogun of Berkeley	0.007849260540209006	allie__yamaguchi	http://distilleryimage7.s3.amazonaws.com/28eac7ce3c2711e2896422000a1fb003_7.jpg	1.354414966E9	None	37.871051788	-122.276969909
Edoko Japanese Restaurant	337179633265566211_13309759	Edoko Japanese Restaurant	0.009544657184275614	allie__yamaguchi	http://distilleryimage7.s3.amazonaws.com/28eac7ce3c2711e2896422000a1fb003_7.jpg	1.354414966E9	None	37.871051788	-122.276969909
Lagosia	337179633265566211_13309759	Lagosia	0.0060431369470807655	allie__yamaguchi	http://distilleryimage7.s3.amazonaws.com/28eac7ce3c2711e2896422000a1fb003_7.jpg	1.354414966E9	None	37.871051788	-122.276969909
Cold Stone Creamery	337232609317846818_17191118	Cold Stone Creamery	0.007856720452484027	stevexiao	http://distilleryimage6.s3.amazonaws.com/dd18866a3c3511e29ae122000a1f9a03_7.jpg	1.354421281E9	None	37.869274139	-122.267982482
Naan N Curry	337399838853392830_20182137	Naan N Curry	0.008571558693770099	amandurrb	http://distilleryimage10.s3.amazonaws.com/4779197e3c6411e2901022000a9e13ab_7.jpg	1.354441216E9	Mah baby üôà	37.867581555	-122.258844617
A G Ferrari Foods	337592714309757311_29608161	A G Ferrari Foods	0.0073223368229394115	the_ajenncy	http://distilleryimage11.s3.amazonaws.com/d018deba3c9911e2854522000a1f9e45_7.jpg	1.354464209E9	Seems about right	37.858333587	-122.253166198
T-Toust	337646203469146704_16180617	T-Toust	0.005227479234323145	shenstell	http://distilleryimage0.s3.amazonaws.com/a8bad29c3ca811e2965422000a9f18cc_7.jpg	1.354470585E9	Chetan's best lady friends @nikkisbrand	37.867942491	-122.259721756
Sashimi Boat	337835921448466634_32889957	Sashimi Boat	0.0010782577118603465	gagangill90	http://distilleryimage2.s3.amazonaws.com/51003c743cdd11e2ac8422000a1fbf16_7.jpg	1.354493201E9	@theparminator @kirit1234 lol photo credit: @tj_sher	37.871608734	-122.268989562
Starbucks Coffee	325339646512827834_226109066	Starbucks Coffee	0.008520938810011236	notsaved	http://distilleryimage6.s3.amazonaws.com/e7434e142f5011e2ac9b22000a1fb864_7.jpg	1.353003529E9	My tea was hungover.	37.870334625	-122.26599884
Angeline's Louisiana Kitchen	326312512256104530_241774757	Angeline's Louisiana Kitchen	0.008652142850411675	auroranoriega	http://distilleryimage6.s3.amazonaws.com/ed88bc14305e11e2b60722000a9f09f0_7.jpg	1.353119504E9	Just saw that new movieüòçüòçüòçüòçTHE BEST MOVIE  EVER !!!!!!!!!!!!!!!!!!!!!!!!!!!!!!!!!!!!!!!!!!!!!!!!!!!!!!!!!!!!!!!!!!!!!!!!!!!!!!!!!!!!!!!!!!!!!!!!!!	37.868167877	-122.267829895
Beckett's	326312512256104530_241774757	Beckett's	0.0060565446382876385	auroranoriega	http://distilleryimage6.s3.amazonaws.com/ed88bc14305e11e2b60722000a9f09f0_7.jpg	1.353119504E9	Just saw that new movieüòçüòçüòçüòçTHE BEST MOVIE  EVER !!!!!!!!!!!!!!!!!!!!!!!!!!!!!!!!!!!!!!!!!!!!!!!!!!!!!!!!!!!!!!!!!!!!!!!!!!!!!!!!!!!!!!!!!!!!!!!!!!	37.868167877	-122.267829895
Mandarin House	326478046750544100_201330483	Mandarin House	0.0033268015964691825	nruud12	http://distilleryimage0.s3.amazonaws.com/df7702d8308c11e281d822000a1f9682_7.jpg	1.353139237E9	Time to feast!!! #calzone #cal #zone #aznghetto	37.868236541	-122.25806427
Angeline's Louisiana Kitchen	326514847215810739_207498101	Angeline's Louisiana Kitchen	0.008652142850411675	anthonygalace	http://distilleryimage7.s3.amazonaws.com/164c8328309711e2877022000a9f1278_7.jpg	1.353143624E9	And after 4 years, 5 movies, a change in director, and consistently abhorrent acting from Kristen Stewart, an era comes to an end. Final thoughts: 1) Kristen Stewart actually got slightly better at acting, but mind you, only slightly; 2) that baby looked weird, unnecessarily CGI'ed; 3) that battle was too good to be true... 4) I still think Edward shoulda been Chase Crawford; 5) Alice though, DAYUUMM; 6) I still can't believe this series ignited this worldwide obsession with vampires as werewolves; 7) sparkling though? Hahaha #TeamJacob #alwaysandforever #TEAMJACOBFTW	37.868167877	-122.267829895
Beckett's	326514847215810739_207498101	Beckett's	0.0060565446382876385	anthonygalace	http://distilleryimage7.s3.amazonaws.com/164c8328309711e2877022000a9f1278_7.jpg	1.353143624E9	And after 4 years, 5 movies, a change in director, and consistently abhorrent acting from Kristen Stewart, an era comes to an end. Final thoughts: 1) Kristen Stewart actually got slightly better at acting, but mind you, only slightly; 2) that baby looked weird, unnecessarily CGI'ed; 3) that battle was too good to be true... 4) I still think Edward shoulda been Chase Crawford; 5) Alice though, DAYUUMM; 6) I still can't believe this series ignited this worldwide obsession with vampires as werewolves; 7) sparkling though? Hahaha #TeamJacob #alwaysandforever #TEAMJACOBFTW	37.868167877	-122.267829895
Maoz Vegetarian	326516887751558402_226071600	Maoz Vegetarian	0.008286062446880366	itsjimmyh	http://distilleryimage2.s3.amazonaws.com/a7496148309711e2a38422000a1f96a9_7.jpg	1.353143867E9	11.16.2012 fatty	37.866998121	-122.258723974
Chaat Cafe	326556538204304628_206744076	Chaat Cafe	0.007672158381714618	nathaniaelisa	http://distilleryimage0.s3.amazonaws.com/a89eff6630a211e28d1822000a1f8cf0_7.jpg	1.353148594E9	I just love looking at these colors ‚ô• #urbandecay #toofaced #mac #coastalscents #eyeshadow #palette	37.871498107	-122.273002624
Mahil Enterprises	326752099245159625_234556980	Mahil Enterprises	0.0019754755823229173	fon_chayaporn	http://distilleryimage1.s3.amazonaws.com/f00ee1be30d811e2b46022000a1fb37a_7.jpg	1.353171907E9	Once upon the time at Mcway Falls #BigSur #HighWay101 #Gorgeous	37.870414733	-122.266616821
Bagel Street Cafe	326752099245159625_234556980	Bagel Street Cafe	0.008829493100914361	fon_chayaporn	http://distilleryimage1.s3.amazonaws.com/f00ee1be30d811e2b46022000a1fb37a_7.jpg	1.353171907E9	Once upon the time at Mcway Falls #BigSur #HighWay101 #Gorgeous	37.870414733	-122.266616821
Cu Japanese Fusion	326752099245159625_234556980	Cu Japanese Fusion	0.009624585269055838	fon_chayaporn	http://distilleryimage1.s3.amazonaws.com/f00ee1be30d811e2b46022000a1fb37a_7.jpg	1.353171907E9	Once upon the time at Mcway Falls #BigSur #HighWay101 #Gorgeous	37.870414733	-122.266616821
Mandarin House	326826220264667328_239282605	Mandarin House	0.008558931789747379	foodeuphoria	http://distilleryimage0.s3.amazonaws.com/82adca4e30ed11e2adac22000a1fbe03_7.jpg	1.353180743E9	Thai basil chicken üçõ	37.868167877	-122.258003234
Blondies Pizza	327702011808470508_194125404	Blondies Pizza	0.00404785229896146	jram0131	http://distilleryimage0.s3.amazonaws.com/9769edac31e011e2bbd822000a9f15da_7.jpg	1.353285145E9	Avocado burger, add bacon.	37.86783812	-122.259
Maoz Vegetarian	327731919981008826_194125404	Maoz Vegetarian	0.008286062446880366	jram0131	http://distilleryimage6.s3.amazonaws.com/e48459da31e811e2a82b22000a9f1408_7.jpg	1.353288711E9	Pumpkin ice cream + warm butter sugar cookies. Ice cream sandwich. Cookies rule everything around me.	37.866998121	-122.258723974
Cactus Taqueria	327750988371439627_216972667	Cactus Taqueria	0.009550321109519975	pollynatouf	http://distilleryimage7.s3.amazonaws.com/2f67538a31ee11e28e1522000a1f9a99_7.jpg	1.353290984E9	Indian Restaurant	37.89152355	-122.277617
Barney's Gourmet Hamburgers	328293011967785828_188721357	Barney's Gourmet Hamburgers	0.00592566631497159	mfree2go	http://distilleryimage8.s3.amazonaws.com/a080db54328411e2a9ed22000a1fb773_7.jpg	1.353355598E9	Crosswalk..	37.878264	-122.269153
Cold Stone Creamery	328494905883819911_217118774	Cold Stone Creamery	0.008721655757430237	theblackreapre	http://distilleryimage11.s3.amazonaws.com/a9ed1e0432bc11e2822f22000a9f09ca_7.jpg	1.353379666E9	None	37.869255065	-122.267982482
Blondies Pizza	328759683862932230_242246961	Blondies Pizza	0.004014315247985731	jiaweezy	http://distilleryimage2.s3.amazonaws.com/27888378330611e299b1123138203c20_7.jpg	1.35341123E9	#campanile #berkeley	37.867958068	-122.258964538
Greg's Chicago Style Pizza	328759683862932230_242246961	Greg's Chicago Style Pizza	0.007582947639495446	jiaweezy	http://distilleryimage2.s3.amazonaws.com/27888378330611e299b1123138203c20_7.jpg	1.35341123E9	#campanile #berkeley	37.867958068	-122.258964538
Mint Leaf	329136840345388406_239934608	Mint Leaf	0.007542428691670651	langloislane	http://distilleryimage2.s3.amazonaws.com/d61d2246336e11e29fb412313804d034_7.jpg	1.35345619E9	Barhi dates and Bartlett pears - Chez Panisse	37.879665374	-122.268997192
Joshu-ya	329260517371697819_197310021	Joshu-ya	0.0	myintyj	http://distilleryimage11.s3.amazonaws.com/29e5809a339111e2a3aa22000a1f97a4_7.jpg	1.353470934E9	Sushiii	37.865154	-122.25895984
Ryowa	329698786019999900_251171631	Ryowa	0.007381791753779317	misschernow	http://distilleryimage8.s3.amazonaws.com/cec1bff6340a11e2b1c522000a9f18eb_7.jpg	1.353523179E9	guess who's coming to dinner	37.872001647	-122.269104003
Royal Pizza and Pasta	329698786019999900_251171631	Royal Pizza and Pasta	0.009822018957530213	misschernow	http://distilleryimage8.s3.amazonaws.com/cec1bff6340a11e2b1c522000a9f18eb_7.jpg	1.353523179E9	guess who's coming to dinner	37.872001647	-122.269104003
Bobby Ggs Pizzeria	329698786019999900_251171631	Bobby Ggs Pizzeria	0.009822018957530213	misschernow	http://distilleryimage8.s3.amazonaws.com/cec1bff6340a11e2b1c522000a9f18eb_7.jpg	1.353523179E9	guess who's coming to dinner	37.872001647	-122.269104003
Emilia's Pizzeria	329895475136324322_198390151	Emilia's Pizzeria	0.008431622785061788	emmarein	http://distilleryimage6.s3.amazonaws.com/665b3a14344111e28abf22000a1f9bf5_7.jpg	1.353546626E9	None	37.855289459	-122.266555786
Berkel Berkel Restaurant	331188684244497934_180280364	Berkel Berkel Restaurant	0.007316795893789532	clayzer	http://distilleryimage10.s3.amazonaws.com/5664787435a811e28fba22000a1fb1a7_7.jpg	1.353700789E9	Sweet delivery truck!	37.866333007	-122.258666992
Coffee Source	331302484541540020_188289960	Coffee Source	0.0048528562022919835	doo314	http://distilleryimage4.s3.amazonaws.com/ec63d08035c711e28c3c22000a1fb85a_7.jpg	1.353714355E9	From the bottom but I keep on the move	37.866663565	-122.258970737
Freight and Salvage Coffee House	331415508975037919_177345202	Freight and Salvage Coffee House	0.007526878508926483	cflo77	http://distilleryimage11.s3.amazonaws.com/4b41512635e711e2b1c522000a9f18eb_7.jpg	1.353727829E9	Its Decorate-able Object time!!! Ziggurat for 2012. How fitting. (Pre-filled with ornaments) #theatre #backstage	37.87100716	-122.269678324
Mr Pizza Man	331629091148628928_251171631	Mr Pizza Man	0.009028341845225713	misschernow	http://distilleryimage4.s3.amazonaws.com/932fa0b0362211e2ab5722000a9e0907_7.jpg	1.35375329E9	üî•üç∑üåô‚ú®	37.872039794	-122.26914215
Ryowa	331629091148628928_251171631	Ryowa	0.00558264757494461	misschernow	http://distilleryimage4.s3.amazonaws.com/932fa0b0362211e2ab5722000a9e0907_7.jpg	1.35375329E9	üî•üç∑üåô‚ú®	37.872039794	-122.26914215
Sushi Ko	332254844188004031_258473746	Sushi Ko	0.006001232569762523	theoolesen	http://distilleryimage3.s3.amazonaws.com/419be66a36d011e2a47422000a9e28eb_7.jpg	1.353827885E9	None	37.871421813	-122.268333435
Blondies Pizza	332766886755288423_194581008	Blondies Pizza	0.006046119003490769	enricake94	http://distilleryimage3.s3.amazonaws.com/606c8b9c375e11e29b7122000a1f9a64_7.jpg	1.353888925E9	Me and my beautiful wife @itsyodestinygeee  at blondies grubbin on this kinda beautiful day #yuum #pizza #blondies #gohard #wildn #berkeley #bound #picstitchüçïüêßüòç	37.867988586	-122.25906372
Tacubaya	333496196565233403_178093514	Tacubaya	0.00819803540092489	yukohunt	http://distilleryimage3.s3.amazonaws.com/ccfd186a382811e2896422000a1fb003_7.jpg	1.353975866E9	None	37.869237477	-122.300533947
Hawaiian Barbecue	333499675513369818_252167988	Hawaiian Barbecue	0.009965945665858835	markarakaki	http://distilleryimage6.s3.amazonaws.com/c431d86e382911e28a5622000a1fbe35_7.jpg	1.353976281E9	Killed them too fast! @ellie_norr @tizoncorrie	37.870773	-122.268214
Thai Noodle 2	334004978657184439_180031201	Thai Noodle 2	9.493529796600342E-5	vividlydien	http://distilleryimage7.s3.amazonaws.com/0425324a38b611e2b65722000a1fb376_7.jpg	1.354036517E9	Sticky rice and mango!! With @hoiboy79 for dinner yesterday :) üë≠	37.866409326	-122.258815
Pickles and Ice Cream	335106724097333400_258437725	Pickles and Ice Cream	0.009187657446369039	congchen5	http://distilleryimage0.s3.amazonaws.com/cfde022c39e711e2bbd822000a9f15da_7.jpg	1.354167856E9	Lol super sketch fortune XD	37.87707138	-122.26902008
Truly Mediterranean	335396632734521408_213175053	Truly Mediterranean	0.00761970360138261	nubiav2	http://distilleryimage8.s3.amazonaws.com/471c0ea63a3811e297bf22000a1f9263_7.jpg	1.354202415E9	So today happens to be my 30th Birthday. üéàüéâüîîüéÅüéê‚ú®Born on a Monday @ 1445. #80's baby #birthdayüéÇ #BornDay #celebration #candles #breakfast #Pancakes ‚ôê love my life!!	37.872570037	-122.26838684
Turkish Kitchen	335396632734521408_213175053	Turkish Kitchen	0.005366993918057152	nubiav2	http://distilleryimage8.s3.amazonaws.com/471c0ea63a3811e297bf22000a1f9263_7.jpg	1.354202415E9	So today happens to be my 30th Birthday. üéàüéâüîîüéÅüéê‚ú®Born on a Monday @ 1445. #80's baby #birthdayüéÇ #BornDay #celebration #candles #breakfast #Pancakes ‚ôê love my life!!	37.872570037	-122.26838684
Freight and Salvage Coffee House	335768384073576100_177345202	Freight and Salvage Coffee House	0.007526878508926483	cflo77	http://distilleryimage4.s3.amazonaws.com/75a23fe03a9f11e2901122000a9f1939_7.jpg	1.354246732E9	Saint Roch...Patron Saint of Dogs....lulz. Happy Birthday Megan!!!	37.87100716	-122.269678324
Cafe Espresso	335780548520461908_260260784	Cafe Espresso	0.007630932084491457	antrumpet	http://distilleryimage0.s3.amazonaws.com/d5f574043aa211e2959322000a1f9d56_7.jpg	1.354248182E9	@kaylettorrez grab√°ndole un  Temita a desy	37.86856842	-122.260566711
Cheese Steak Shop	336870153715014716_181676878	Cheese Steak Shop	0.005889050106595631	kaede_elle	http://distilleryimage8.s3.amazonaws.com/43138fe23bd111e28e2d22000a1fbe71_7.jpg	1.354378073E9	#dogrules	37.86877735	-122.293101
Berkel Berkel Restaurant	336987086953363736_254979077	Berkel Berkel Restaurant	0.007769629137719284	zhizhensun	http://distilleryimage8.s3.amazonaws.com/b7aef8943bf111e2b59422000a9f13f8_7.jpg	1.354392012E9	Thai iced tea in a tall glass bottle with rain crazily pouring outside.	37.866439819	-122.258750915
Thai Noodle 2	336987086953363736_254979077	Thai Noodle 2	0.006567711465061158	zhizhensun	http://distilleryimage8.s3.amazonaws.com/b7aef8943bf111e2b59422000a9f13f8_7.jpg	1.354392012E9	Thai iced tea in a tall glass bottle with rain crazily pouring outside.	37.866439819	-122.258750915
Angeline's Louisiana Kitchen	337742683545598313_218133645	Angeline's Louisiana Kitchen	0.008163883657011789	mattheauxiii	http://distilleryimage5.s3.amazonaws.com/700c8e3e3cc311e2866422000a1f9c90_7.jpg	1.354482087E9	Cajun mixed grill	37.868305169	-122.267789705
Yogurt Harmony	337742683545598313_218133645	Yogurt Harmony	0.007653928416134887	mattheauxiii	http://distilleryimage5.s3.amazonaws.com/700c8e3e3cc311e2866422000a1f9c90_7.jpg	1.354482087E9	Cajun mixed grill	37.868305169	-122.267789705
Five	338294804098518827_242137498	Five	0.00976219258148989	estevanbruno	http://distilleryimage11.s3.amazonaws.com/ae9477d63d5c11e2902022000a1ddbd3_7.jpg	1.354547904E9	None	37.869258446	-122.268448787
